,ds,y
0,2010-01-01,160
1,2010-01-02,105
2,2010-01-03,85
3,2010-01-04,141
4,2010-01-05,142
5,2010-01-06,225
6,2010-01-07,213
7,2010-01-08,184
8,2010-01-09,137
9,2010-01-10,101
10,2010-01-11,143
11,2010-01-12,193
12,2010-01-13,180
13,2010-01-14,188
14,2010-01-15,157
15,2010-01-16,159
16,2010-01-17,121
17,2010-01-18,85
18,2010-01-19,159
19,2010-01-20,158
20,2010-01-21,129
21,2010-01-22,116
22,2010-01-23,122
23,2010-01-24,108
24,2010-01-25,139
25,2010-01-26,147
26,2010-01-27,163
27,2010-01-28,197
28,2010-01-29,140
29,2010-01-30,112
30,2010-01-31,108
31,2010-02-01,118
32,2010-02-02,167
33,2010-02-03,192
34,2010-02-04,211
35,2010-02-05,101
36,2010-02-06,115
37,2010-02-07,102
38,2010-02-08,109
39,2010-02-09,139
40,2010-02-10,183
41,2010-02-11,173
42,2010-02-12,162
43,2010-02-13,100
44,2010-02-14,82
45,2010-02-15,96
46,2010-02-16,156
47,2010-02-17,191
48,2010-02-18,188
49,2010-02-19,144
50,2010-02-20,130
51,2010-02-21,100
52,2010-02-22,129
53,2010-02-23,186
54,2010-02-24,182
55,2010-02-25,173
56,2010-02-26,149
57,2010-02-27,117
58,2010-02-28,105
59,2010-03-01,141
60,2010-03-02,180
61,2010-03-03,210
62,2010-03-04,173
63,2010-03-05,145
64,2010-03-06,117
65,2010-03-07,145
66,2010-03-08,142
67,2010-03-09,181
68,2010-03-10,168
69,2010-03-11,162
70,2010-03-12,173
71,2010-03-13,124
72,2010-03-14,102
73,2010-03-15,127
74,2010-03-16,179
75,2010-03-17,213
76,2010-03-18,176
77,2010-03-19,147
78,2010-03-20,104
79,2010-03-21,116
80,2010-03-22,112
81,2010-03-23,175
82,2010-03-24,189
83,2010-03-25,169
84,2010-03-26,133
85,2010-03-27,127
86,2010-03-28,96
87,2010-03-29,132
88,2010-03-30,174
89,2010-03-31,170
90,2010-04-01,159
91,2010-04-02,148
92,2010-04-03,131
93,2010-04-04,78
94,2010-04-05,121
95,2010-04-06,171
96,2010-04-07,183
97,2010-04-08,201
98,2010-04-09,144
99,2010-04-10,113
100,2010-04-11,114
101,2010-04-12,114
102,2010-04-13,151
103,2010-04-14,171
104,2010-04-15,132
105,2010-04-16,104
106,2010-04-17,134
107,2010-04-18,108
108,2010-04-19,98
109,2010-04-20,144
110,2010-04-21,178
111,2010-04-22,157
112,2010-04-23,142
113,2010-04-24,125
114,2010-04-25,89
115,2010-04-26,119
116,2010-04-27,145
117,2010-04-28,196
118,2010-04-29,174
119,2010-04-30,138
120,2010-05-01,150
121,2010-05-02,98
122,2010-05-03,113
123,2010-05-04,154
124,2010-05-05,209
125,2010-05-06,189
126,2010-05-07,165
127,2010-05-08,108
128,2010-05-09,102
129,2010-05-10,129
130,2010-05-11,204
131,2010-05-12,186
132,2010-05-13,174
133,2010-05-14,146
134,2010-05-15,121
135,2010-05-16,104
136,2010-05-17,123
137,2010-05-18,162
138,2010-05-19,173
139,2010-05-20,180
140,2010-05-21,141
141,2010-05-22,112
142,2010-05-23,98
143,2010-05-24,134
144,2010-05-25,183
145,2010-05-26,160
146,2010-05-27,203
147,2010-05-28,129
148,2010-05-29,118
149,2010-05-30,113
150,2010-05-31,110
151,2010-06-01,156
152,2010-06-02,183
153,2010-06-03,164
154,2010-06-04,130
155,2010-06-05,107
156,2010-06-06,93
157,2010-06-07,123
158,2010-06-08,134
159,2010-06-09,173
160,2010-06-10,182
161,2010-06-11,120
162,2010-06-12,98
163,2010-06-13,115
164,2010-06-14,150
165,2010-06-15,194
166,2010-06-16,202
167,2010-06-17,149
168,2010-06-18,147
169,2010-06-19,88
170,2010-06-20,90
171,2010-06-21,135
172,2010-06-22,174
173,2010-06-23,151
174,2010-06-24,158
175,2010-06-25,153
176,2010-06-26,154
177,2010-06-27,131
178,2010-06-28,103
179,2010-06-29,146
180,2010-06-30,153
181,2010-07-01,145
182,2010-07-02,145
183,2010-07-03,97
184,2010-07-04,97
185,2010-07-05,116
186,2010-07-06,166
187,2010-07-07,179
188,2010-07-08,163
189,2010-07-09,153
190,2010-07-10,109
191,2010-07-11,97
192,2010-07-12,112
193,2010-07-13,157
194,2010-07-14,167
195,2010-07-15,180
196,2010-07-16,124
197,2010-07-17,125
198,2010-07-18,125
199,2010-07-19,132
200,2010-07-20,184
201,2010-07-21,223
202,2010-07-22,156
203,2010-07-23,136
204,2010-07-24,134
205,2010-07-25,119
206,2010-07-26,107
207,2010-07-27,180
208,2010-07-28,179
209,2010-07-29,160
210,2010-07-30,155
211,2010-07-31,133
212,2010-08-01,118
213,2010-08-02,116
214,2010-08-03,174
215,2010-08-04,193
216,2010-08-05,143
217,2010-08-06,144
218,2010-08-07,132
219,2010-08-08,105
220,2010-08-09,146
221,2010-08-10,178
222,2010-08-11,180
223,2010-08-12,174
224,2010-08-13,141
225,2010-08-14,112
226,2010-08-15,117
227,2010-08-16,110
228,2010-08-17,150
229,2010-08-18,166
230,2010-08-19,151
231,2010-08-20,174
232,2010-08-21,150
233,2010-08-22,99
234,2010-08-23,91
235,2010-08-24,158
236,2010-08-25,148
237,2010-08-26,170
238,2010-08-27,146
239,2010-08-28,120
240,2010-08-29,107
241,2010-08-30,98
242,2010-08-31,144
243,2010-09-01,171
244,2010-09-02,206
245,2010-09-03,166
246,2010-09-04,141
247,2010-09-05,99
248,2010-09-06,100
249,2010-09-07,137
250,2010-09-08,145
251,2010-09-09,140
252,2010-09-10,142
253,2010-09-11,94
254,2010-09-12,84
255,2010-09-13,75
256,2010-09-14,199
257,2010-09-15,184
258,2010-09-16,187
259,2010-09-17,138
260,2010-09-18,118
261,2010-09-19,93
262,2010-09-20,120
263,2010-09-21,153
264,2010-09-22,206
265,2010-09-23,193
266,2010-09-24,153
267,2010-09-25,118
268,2010-09-26,103
269,2010-09-27,113
270,2010-09-28,172
271,2010-09-29,180
272,2010-09-30,187
273,2010-10-01,163
274,2010-10-02,139
275,2010-10-03,102
276,2010-10-04,104
277,2010-10-05,140
278,2010-10-06,161
279,2010-10-07,170
280,2010-10-08,158
281,2010-10-09,137
282,2010-10-10,93
283,2010-10-11,139
284,2010-10-12,137
285,2010-10-13,194
286,2010-10-14,193
287,2010-10-15,176
288,2010-10-16,116
289,2010-10-17,108
290,2010-10-18,125
291,2010-10-19,155
292,2010-10-20,167
293,2010-10-21,150
294,2010-10-22,149
295,2010-10-23,148
296,2010-10-24,53
297,2010-10-25,83
298,2010-10-26,133
299,2010-10-27,179
300,2010-10-28,150
301,2010-10-29,142
302,2010-10-30,124
303,2010-10-31,115
304,2010-11-01,102
305,2010-11-02,149
306,2010-11-03,163
307,2010-11-04,188
308,2010-11-05,163
309,2010-11-06,147
310,2010-11-07,94
311,2010-11-08,107
312,2010-11-09,169
313,2010-11-10,177
314,2010-11-11,174
315,2010-11-12,133
316,2010-11-13,113
317,2010-11-14,124
318,2010-11-15,112
319,2010-11-16,163
320,2010-11-17,166
321,2010-11-18,156
322,2010-11-19,168
323,2010-11-20,110
324,2010-11-21,117
325,2010-11-22,103
326,2010-11-23,134
327,2010-11-24,110
328,2010-11-25,62
329,2010-11-26,89
330,2010-11-27,89
331,2010-11-28,97
332,2010-11-29,122
333,2010-11-30,152
334,2010-12-01,145
335,2010-12-02,145
336,2010-12-03,129
337,2010-12-04,95
338,2010-12-05,79
339,2010-12-06,114
340,2010-12-07,169
341,2010-12-08,177
342,2010-12-09,179
343,2010-12-10,124
344,2010-12-11,104
345,2010-12-12,100
346,2010-12-13,122
347,2010-12-14,141
348,2010-12-15,137
349,2010-12-16,145
350,2010-12-17,118
351,2010-12-18,74
352,2010-12-19,79
353,2010-12-20,71
354,2010-12-21,109
355,2010-12-22,120
356,2010-12-23,104
357,2010-12-24,75
358,2010-12-25,50
359,2010-12-26,78
360,2010-12-27,100
361,2010-12-28,139
362,2010-12-29,134
363,2010-12-30,122
364,2010-12-31,104
365,2011-01-01,100
366,2011-01-02,82
367,2011-01-03,87
368,2011-01-04,124
369,2011-01-05,178
370,2011-01-06,196
371,2011-01-07,164
372,2011-01-08,122
373,2011-01-09,86
374,2011-01-10,121
375,2011-01-11,159
376,2011-01-12,175
377,2011-01-13,204
378,2011-01-14,133
379,2011-01-15,141
380,2011-01-16,111
381,2011-01-17,106
382,2011-01-18,147
383,2011-01-19,165
384,2011-01-20,149
385,2011-01-21,170
386,2011-01-22,114
387,2011-01-23,92
388,2011-01-24,100
389,2011-01-25,150
390,2011-01-26,150
391,2011-01-27,182
392,2011-01-28,143
393,2011-01-29,90
394,2011-01-30,94
395,2011-01-31,109
396,2011-02-01,145
397,2011-02-02,155
398,2011-02-03,174
399,2011-02-04,154
400,2011-02-05,128
401,2011-02-06,95
402,2011-02-07,111
403,2011-02-08,147
404,2011-02-09,170
405,2011-02-10,174
406,2011-02-11,126
407,2011-02-12,99
408,2011-02-13,96
409,2011-02-14,87
410,2011-02-15,145
411,2011-02-16,147
412,2011-02-17,142
413,2011-02-18,122
414,2011-02-19,113
415,2011-02-20,95
416,2011-02-21,118
417,2011-02-22,137
418,2011-02-23,156
419,2011-02-24,166
420,2011-02-25,103
421,2011-02-26,105
422,2011-02-27,73
423,2011-02-28,112
424,2011-03-01,160
425,2011-03-02,167
426,2011-03-03,194
427,2011-03-04,162
428,2011-03-05,104
429,2011-03-06,107
430,2011-03-07,121
431,2011-03-08,162
432,2011-03-09,219
433,2011-03-10,194
434,2011-03-11,202
435,2011-03-12,124
436,2011-03-13,106
437,2011-03-14,117
438,2011-03-15,130
439,2011-03-16,192
440,2011-03-17,189
441,2011-03-18,154
442,2011-03-19,112
443,2011-03-20,77
444,2011-03-21,84
445,2011-03-22,151
446,2011-03-23,145
447,2011-03-24,154
448,2011-03-25,141
449,2011-03-26,121
450,2011-03-27,115
451,2011-03-28,110
452,2011-03-29,173
453,2011-03-30,171
454,2011-03-31,188
455,2011-04-01,147
456,2011-04-02,134
457,2011-04-03,113
458,2011-04-04,123
459,2011-04-05,147
460,2011-04-06,198
461,2011-04-07,159
462,2011-04-08,165
463,2011-04-09,126
464,2011-04-10,74
465,2011-04-11,115
466,2011-04-12,145
467,2011-04-13,150
468,2011-04-14,154
469,2011-04-15,121
470,2011-04-16,77
471,2011-04-17,108
472,2011-04-18,90
473,2011-04-19,138
474,2011-04-20,201
475,2011-04-21,132
476,2011-04-22,130
477,2011-04-23,110
478,2011-04-24,89
479,2011-04-25,107
480,2011-04-26,135
481,2011-04-27,140
482,2011-04-28,169
483,2011-04-29,143
484,2011-04-30,125
485,2011-05-01,143
486,2011-05-02,124
487,2011-05-03,141
488,2011-05-04,171
489,2011-05-05,191
490,2011-05-06,169
491,2011-05-07,110
492,2011-05-08,106
493,2011-05-09,95
494,2011-05-10,124
495,2011-05-11,165
496,2011-05-12,208
497,2011-05-13,147
498,2011-05-14,114
499,2011-05-15,105
500,2011-05-16,101
501,2011-05-17,147
502,2011-05-18,176
503,2011-05-19,155
504,2011-05-20,132
505,2011-05-21,93
506,2011-05-22,90
507,2011-05-23,121
508,2011-05-24,151
509,2011-05-25,194
510,2011-05-26,176
511,2011-05-27,164
512,2011-05-28,127
513,2011-05-29,105
514,2011-05-30,100
515,2011-05-31,154
516,2011-06-01,155
517,2011-06-02,193
518,2011-06-03,162
519,2011-06-04,132
520,2011-06-05,97
521,2011-06-06,94
522,2011-06-07,127
523,2011-06-08,140
524,2011-06-09,196
525,2011-06-10,162
526,2011-06-11,111
527,2011-06-12,83
528,2011-06-13,104
529,2011-06-14,148
530,2011-06-15,177
531,2011-06-16,201
532,2011-06-17,134
533,2011-06-18,92
534,2011-06-19,90
535,2011-06-20,97
536,2011-06-21,139
537,2011-06-22,186
538,2011-06-23,171
539,2011-06-24,145
540,2011-06-25,117
541,2011-06-26,103
542,2011-06-27,112
543,2011-06-28,141
544,2011-06-29,170
545,2011-06-30,187
546,2011-07-01,134
547,2011-07-02,138
548,2011-07-03,112
549,2011-07-04,114
550,2011-07-05,137
551,2011-07-06,161
552,2011-07-07,170
553,2011-07-08,160
554,2011-07-09,130
555,2011-07-10,103
556,2011-07-11,121
557,2011-07-12,166
558,2011-07-13,143
559,2011-07-14,194
560,2011-07-15,192
561,2011-07-16,139
562,2011-07-17,118
563,2011-07-18,135
564,2011-07-19,153
565,2011-07-20,175
566,2011-07-21,170
567,2011-07-22,147
568,2011-07-23,151
569,2011-07-24,114
570,2011-07-25,129
571,2011-07-26,162
572,2011-07-27,169
573,2011-07-28,177
574,2011-07-29,151
575,2011-07-30,141
576,2011-07-31,107
577,2011-08-01,127
578,2011-08-02,190
579,2011-08-03,189
580,2011-08-04,164
581,2011-08-05,155
582,2011-08-06,140
583,2011-08-07,130
584,2011-08-08,102
585,2011-08-09,133
586,2011-08-10,171
587,2011-08-11,197
588,2011-08-12,166
589,2011-08-13,126
590,2011-08-14,114
591,2011-08-15,110
592,2011-08-16,129
593,2011-08-17,175
594,2011-08-18,191
595,2011-08-19,159
596,2011-08-20,112
597,2011-08-21,131
598,2011-08-22,116
599,2011-08-23,148
600,2011-08-24,173
601,2011-08-25,149
602,2011-08-26,161
603,2011-08-27,120
604,2011-08-28,121
605,2011-08-29,126
606,2011-08-30,126
607,2011-08-31,140
608,2011-09-01,169
609,2011-09-02,151
610,2011-09-03,124
611,2011-09-04,121
612,2011-09-05,97
613,2011-09-06,133
614,2011-09-07,165
615,2011-09-08,163
616,2011-09-09,132
617,2011-09-10,104
618,2011-09-11,168
619,2011-09-12,149
620,2011-09-13,129
621,2011-09-14,138
622,2011-09-15,164
623,2011-09-16,186
624,2011-09-17,118
625,2011-09-18,138
626,2011-09-19,123
627,2011-09-20,153
628,2011-09-21,140
629,2011-09-22,166
630,2011-09-23,148
631,2011-09-24,117
632,2011-09-25,92
633,2011-09-26,102
634,2011-09-27,145
635,2011-09-28,197
636,2011-09-29,178
637,2011-09-30,166
638,2011-10-01,113
639,2011-10-02,78
640,2011-10-03,115
641,2011-10-04,156
642,2011-10-05,145
643,2011-10-06,158
644,2011-10-07,127
645,2011-10-08,115
646,2011-10-09,98
647,2011-10-10,112
648,2011-10-11,160
649,2011-10-12,211
650,2011-10-13,180
651,2011-10-14,156
652,2011-10-15,135
653,2011-10-16,107
654,2011-10-17,91
655,2011-10-18,142
656,2011-10-19,190
657,2011-10-20,161
658,2011-10-21,162
659,2011-10-22,132
660,2011-10-23,89
661,2011-10-24,88
662,2011-10-25,146
663,2011-10-26,146
664,2011-10-27,130
665,2011-10-28,169
666,2011-10-29,122
667,2011-10-30,112
668,2011-10-31,123
669,2011-11-01,153
670,2011-11-02,168
671,2011-11-03,150
672,2011-11-04,117
673,2011-11-05,101
674,2011-11-06,63
675,2011-11-07,97
676,2011-11-08,141
677,2011-11-09,164
678,2011-11-10,188
679,2011-11-11,162
680,2011-11-12,137
681,2011-11-13,123
682,2011-11-14,101
683,2011-11-15,145
684,2011-11-16,160
685,2011-11-17,131
686,2011-11-18,151
687,2011-11-19,117
688,2011-11-20,74
689,2011-11-21,128
690,2011-11-22,167
691,2011-11-23,132
692,2011-11-24,62
693,2011-11-25,92
694,2011-11-26,114
695,2011-11-27,109
696,2011-11-28,109
697,2011-11-29,110
698,2011-11-30,125
699,2011-12-01,131
700,2011-12-02,128
701,2011-12-03,86
702,2011-12-04,86
703,2011-12-05,105
704,2011-12-06,143
705,2011-12-07,188
706,2011-12-08,192
707,2011-12-09,132
708,2011-12-10,120
709,2011-12-11,96
710,2011-12-12,90
711,2011-12-13,131
712,2011-12-14,146
713,2011-12-15,145
714,2011-12-16,136
715,2011-12-17,123
716,2011-12-18,103
717,2011-12-19,98
718,2011-12-20,155
719,2011-12-21,154
720,2011-12-22,136
721,2011-12-23,112
722,2011-12-24,75
723,2011-12-25,77
724,2011-12-26,81
725,2011-12-27,95
726,2011-12-28,161
727,2011-12-29,151
728,2011-12-30,154
729,2011-12-31,138
730,2012-01-01,110
731,2012-01-02,119
732,2012-01-03,157
733,2012-01-04,191
734,2012-01-05,198
735,2012-01-06,177
736,2012-01-07,161
737,2012-01-08,107
738,2012-01-09,139
739,2012-01-10,150
740,2012-01-11,195
741,2012-01-12,199
742,2012-01-13,137
743,2012-01-14,142
744,2012-01-15,96
745,2012-01-16,117
746,2012-01-17,151
747,2012-01-18,160
748,2012-01-19,180
749,2012-01-20,161
750,2012-01-21,144
751,2012-01-22,96
752,2012-01-23,111
753,2012-01-24,141
754,2012-01-25,185
755,2012-01-26,204
756,2012-01-27,144
757,2012-01-28,128
758,2012-01-29,109
759,2012-01-30,126
760,2012-01-31,161
761,2012-02-01,191
762,2012-02-02,227
763,2012-02-03,190
764,2012-02-04,126
765,2012-02-05,91
766,2012-02-06,116
767,2012-02-07,172
768,2012-02-08,203
769,2012-02-09,199
770,2012-02-10,173
771,2012-02-11,190
772,2012-02-12,113
773,2012-02-13,106
774,2012-02-14,137
775,2012-02-15,138
776,2012-02-16,175
777,2012-02-17,147
778,2012-02-18,137
779,2012-02-19,108
780,2012-02-20,119
781,2012-02-21,143
782,2012-02-22,147
783,2012-02-23,171
784,2012-02-24,150
785,2012-02-25,102
786,2012-02-26,112
787,2012-02-27,137
788,2012-02-28,135
789,2012-02-29,180
790,2012-03-01,179
791,2012-03-02,163
792,2012-03-03,127
793,2012-03-04,120
794,2012-03-05,154
795,2012-03-06,174
796,2012-03-07,198
797,2012-03-08,177
798,2012-03-09,156
799,2012-03-10,119
800,2012-03-11,121
801,2012-03-12,126
802,2012-03-13,155
803,2012-03-14,175
804,2012-03-15,195
805,2012-03-16,144
806,2012-03-17,119
807,2012-03-18,111
808,2012-03-19,124
809,2012-03-20,154
810,2012-03-21,212
811,2012-03-22,160
812,2012-03-23,148
813,2012-03-24,140
814,2012-03-25,84
815,2012-03-26,126
816,2012-03-27,132
817,2012-03-28,212
818,2012-03-29,168
819,2012-03-30,170
820,2012-03-31,130
821,2012-04-01,90
822,2012-04-02,118
823,2012-04-03,158
824,2012-04-04,169
825,2012-04-05,196
826,2012-04-06,156
827,2012-04-07,120
828,2012-04-08,90
829,2012-04-09,119
830,2012-04-10,121
831,2012-04-11,167
832,2012-04-12,187
833,2012-04-13,136
834,2012-04-14,127
835,2012-04-15,103
836,2012-04-16,130
837,2012-04-17,165
838,2012-04-18,171
839,2012-04-19,157
840,2012-04-20,126
841,2012-04-21,80
842,2012-04-22,110
843,2012-04-23,119
844,2012-04-24,155
845,2012-04-25,176
846,2012-04-26,182
847,2012-04-27,160
848,2012-04-28,120
849,2012-04-29,116
850,2012-04-30,141
851,2012-05-01,160
852,2012-05-02,218
853,2012-05-03,193
854,2012-05-04,165
855,2012-05-05,108
856,2012-05-06,109
857,2012-05-07,139
858,2012-05-08,130
859,2012-05-09,188
860,2012-05-10,149
861,2012-05-11,126
862,2012-05-12,109
863,2012-05-13,79
864,2012-05-14,123
865,2012-05-15,147
866,2012-05-16,141
867,2012-05-17,142
868,2012-05-18,165
869,2012-05-19,99
870,2012-05-20,102
871,2012-05-21,133
872,2012-05-22,145
873,2012-05-23,152
874,2012-05-24,172
875,2012-05-25,142
876,2012-05-26,136
877,2012-05-27,124
878,2012-05-28,98
879,2012-05-29,137
880,2012-05-30,175
881,2012-05-31,166
882,2012-06-01,158
883,2012-06-02,127
884,2012-06-03,127
885,2012-06-04,117
886,2012-06-05,171
887,2012-06-06,147
888,2012-06-07,179
889,2012-06-08,136
890,2012-06-09,120
891,2012-06-10,96
892,2012-06-11,105
893,2012-06-12,149
894,2012-06-13,161
895,2012-06-14,130
896,2012-06-15,111
897,2012-06-16,111
898,2012-06-17,104
899,2012-06-18,113
900,2012-06-19,148
901,2012-06-20,197
902,2012-06-21,167
903,2012-06-22,144
904,2012-06-23,110
905,2012-06-24,108
906,2012-06-25,129
907,2012-06-26,129
908,2012-06-27,157
909,2012-06-28,165
910,2012-06-29,152
911,2012-06-30,130
912,2012-07-01,114
913,2012-07-02,100
914,2012-07-03,126
915,2012-07-04,159
916,2012-07-05,180
917,2012-07-06,151
918,2012-07-07,159
919,2012-07-08,88
920,2012-07-09,112
921,2012-07-10,151
922,2012-07-11,159
923,2012-07-12,172
924,2012-07-13,152
925,2012-07-14,109
926,2012-07-15,106
927,2012-07-16,114
928,2012-07-17,143
929,2012-07-18,186
930,2012-07-19,197
931,2012-07-20,172
932,2012-07-21,126
933,2012-07-22,124
934,2012-07-23,117
935,2012-07-24,139
936,2012-07-25,186
937,2012-07-26,193
938,2012-07-27,115
939,2012-07-28,123
940,2012-07-29,121
941,2012-07-30,97
942,2012-07-31,21
943,2012-08-01,174
944,2012-08-02,174
945,2012-08-03,150
946,2012-08-04,141
947,2012-08-05,125
948,2012-08-06,120
949,2012-08-07,152
950,2012-08-08,164
951,2012-08-09,161
952,2012-08-10,129
953,2012-08-11,129
954,2012-08-12,111
955,2012-08-13,110
956,2012-08-14,156
957,2012-08-15,168
958,2012-08-16,176
959,2012-08-17,144
960,2012-08-18,152
961,2012-08-19,106
962,2012-08-20,115
963,2012-08-21,132
964,2012-08-22,163
965,2012-08-23,194
966,2012-08-24,162
967,2012-08-25,130
968,2012-08-26,111
969,2012-08-27,104
970,2012-08-28,159
971,2012-08-29,164
972,2012-08-30,185
973,2012-08-31,156
974,2012-09-01,138
975,2012-09-02,118
976,2012-09-03,136
977,2012-09-04,146
978,2012-09-05,168
979,2012-09-06,144
980,2012-09-07,147
981,2012-09-08,98
982,2012-09-09,90
983,2012-09-10,92
984,2012-09-11,155
985,2012-09-12,202
986,2012-09-13,174
987,2012-09-14,158
988,2012-09-15,122
989,2012-09-16,101
990,2012-09-17,131
991,2012-09-18,149
992,2012-09-19,164
993,2012-09-20,137
994,2012-09-21,152
995,2012-09-22,119
996,2012-09-23,110
997,2012-09-24,118
998,2012-09-25,145
999,2012-09-26,131
1000,2012-09-27,156
1001,2012-09-28,149
1002,2012-09-29,132
1003,2012-09-30,128
1004,2012-10-01,135
1005,2012-10-02,143
1006,2012-10-03,153
1007,2012-10-04,143
1008,2012-10-05,137
1009,2012-10-06,90
1010,2012-10-07,105
1011,2012-10-08,103
1012,2012-10-09,118
1013,2012-10-10,154
1014,2012-10-11,142
1015,2012-10-12,179
1016,2012-10-13,158
1017,2012-10-14,98
1018,2012-10-15,101
1019,2012-10-16,128
1020,2012-10-17,159
1021,2012-10-18,140
1022,2012-10-19,163
1023,2012-10-20,121
1024,2012-10-21,111
1025,2012-10-22,131
1026,2012-10-23,115
1027,2012-10-24,155
1028,2012-10-25,144
1029,2012-10-26,148
1030,2012-10-27,105
1031,2012-10-28,111
1032,2012-10-29,120
1033,2012-10-30,151
1034,2012-10-31,105
1035,2012-11-01,140
1036,2012-11-02,137
1037,2012-11-03,126
1038,2012-11-04,104
1039,2012-11-05,109
1040,2012-11-06,180
1041,2012-11-07,192
1042,2012-11-08,166
1043,2012-11-09,131
1044,2012-11-10,118
1045,2012-11-11,110
1046,2012-11-12,100
1047,2012-11-13,125
1048,2012-11-14,140
1049,2012-11-15,148
1050,2012-11-16,126
1051,2012-11-17,125
1052,2012-11-18,94
1053,2012-11-19,122
1054,2012-11-20,124
1055,2012-11-21,110
1056,2012-11-22,68
1057,2012-11-23,105
1058,2012-11-24,115
1059,2012-11-25,114
1060,2012-11-26,114
1061,2012-11-27,152
1062,2012-11-28,129
1063,2012-11-29,132
1064,2012-11-30,120
1065,2012-12-01,113
1066,2012-12-02,89
1067,2012-12-03,100
1068,2012-12-04,126
1069,2012-12-05,164
1070,2012-12-06,148
1071,2012-12-07,121
1072,2012-12-08,105
1073,2012-12-09,105
1074,2012-12-10,101
1075,2012-12-11,144
1076,2012-12-12,175
1077,2012-12-13,142
1078,2012-12-14,116
1079,2012-12-15,103
1080,2012-12-16,113
1081,2012-12-17,136
1082,2012-12-18,130
1083,2012-12-19,159
1084,2012-12-20,142
1085,2012-12-21,106
1086,2012-12-22,106
1087,2012-12-23,103
1088,2012-12-24,69
1089,2012-12-25,69
1090,2012-12-26,118
1091,2012-12-27,136
1092,2012-12-28,149
1093,2012-12-29,121
1094,2012-12-30,77
1095,2012-12-31,128
1096,2013-01-01,128
1097,2013-01-02,171
1098,2013-01-03,167
1099,2013-01-04,147
1100,2013-01-05,123
1101,2013-01-06,104
1102,2013-01-07,122
1103,2013-01-08,153
1104,2013-01-09,171
1105,2013-01-10,165
1106,2013-01-11,124
1107,2013-01-12,104
1108,2013-01-13,108
1109,2013-01-14,106
1110,2013-01-15,142
1111,2013-01-16,151
1112,2013-01-17,186
1113,2013-01-18,140
1114,2013-01-19,116
1115,2013-01-20,96
1116,2013-01-21,125
1117,2013-01-22,135
1118,2013-01-23,161
1119,2013-01-24,159
1120,2013-01-25,137
1121,2013-01-26,111
1122,2013-01-27,111
1123,2013-01-28,125
1124,2013-01-29,137
1125,2013-01-30,182
1126,2013-01-31,183
1127,2013-02-01,149
1128,2013-02-02,141
1129,2013-02-03,104
1130,2013-02-04,123
1131,2013-02-05,132
1132,2013-02-06,161
1133,2013-02-07,80
1134,2013-02-08,62
1135,2013-02-09,50
1136,2013-02-10,52
1137,2013-02-11,75
1138,2013-02-12,104
1139,2013-02-13,173
1140,2013-02-14,140
1141,2013-02-15,119
1142,2013-02-16,139
1143,2013-02-17,119
1144,2013-02-18,129
1145,2013-02-19,125
1146,2013-02-20,133
1147,2013-02-21,149
1148,2013-02-22,119
1149,2013-02-23,111
1150,2013-02-24,96
1151,2013-02-25,102
1152,2013-02-26,141
1153,2013-02-27,134
1154,2013-02-28,175
1155,2013-03-01,174
1156,2013-03-02,140
1157,2013-03-03,104
1158,2013-03-04,128
1159,2013-03-05,185
1160,2013-03-06,188
1161,2013-03-07,156
1162,2013-03-08,130
1163,2013-03-09,144
1164,2013-03-10,109
1165,2013-03-11,118
1166,2013-03-12,147
1167,2013-03-13,167
1168,2013-03-14,155
1169,2013-03-15,139
1170,2013-03-16,106
1171,2013-03-17,123
1172,2013-03-18,120
1173,2013-03-19,154
1174,2013-03-20,162
1175,2013-03-21,157
1176,2013-03-22,138
1177,2013-03-23,111
1178,2013-03-24,117
1179,2013-03-25,117
1180,2013-03-26,144
1181,2013-03-27,195
1182,2013-03-28,180
1183,2013-03-29,153
1184,2013-03-30,114
1185,2013-03-31,97
1186,2013-04-01,107
1187,2013-04-02,141
1188,2013-04-03,172
1189,2013-04-04,166
1190,2013-04-05,147
1191,2013-04-06,123
1192,2013-04-07,128
1193,2013-04-08,137
1194,2013-04-09,139
1195,2013-04-10,170
1196,2013-04-11,147
1197,2013-04-12,128
1198,2013-04-13,110
1199,2013-04-14,84
1200,2013-04-15,94
1201,2013-04-16,110
1202,2013-04-17,157
1203,2013-04-18,185
1204,2013-04-19,121
1205,2013-04-20,113
1206,2013-04-21,105
1207,2013-04-22,143
1208,2013-04-23,155
1209,2013-04-24,178
1210,2013-04-25,165
1211,2013-04-26,171
1212,2013-04-27,136
1213,2013-04-28,135
1214,2013-04-29,110
1215,2013-04-30,153
1216,2013-05-01,165
1217,2013-05-02,170
1218,2013-05-03,166
1219,2013-05-04,109
1220,2013-05-05,108
1221,2013-05-06,119
1222,2013-05-07,148
1223,2013-05-08,155
1224,2013-05-09,199
1225,2013-05-10,142
1226,2013-05-11,115
1227,2013-05-12,87
1228,2013-05-13,120
1229,2013-05-14,159
1230,2013-05-15,178
1231,2013-05-16,152
1232,2013-05-17,143
1233,2013-05-18,104
1234,2013-05-19,93
1235,2013-05-20,104
1236,2013-05-21,159
1237,2013-05-22,183
1238,2013-05-23,160
1239,2013-05-24,134
1240,2013-05-25,98
1241,2013-05-26,127
1242,2013-05-27,134
1243,2013-05-28,123
1244,2013-05-29,147
1245,2013-05-30,162
1246,2013-05-31,158
1247,2013-06-01,100
1248,2013-06-02,99
1249,2013-06-03,107
1250,2013-06-04,140
1251,2013-06-05,172
1252,2013-06-06,148
1253,2013-06-07,142
1254,2013-06-08,123
1255,2013-06-09,93
1256,2013-06-10,107
1257,2013-06-11,108
1258,2013-06-12,163
1259,2013-06-13,136
1260,2013-06-14,121
1261,2013-06-15,121
1262,2013-06-16,107
1263,2013-06-17,124
1264,2013-06-18,115
1265,2013-06-19,153
1266,2013-06-20,161
1267,2013-06-21,162
1268,2013-06-22,118
1269,2013-06-23,75
1270,2013-06-24,120
1271,2013-06-25,121
1272,2013-06-26,145
1273,2013-06-27,148
1274,2013-06-28,127
1275,2013-06-29,96
1276,2013-06-30,104
1277,2013-07-01,94
1278,2013-07-02,122
1279,2013-07-03,115
1280,2013-07-04,149
1281,2013-07-05,204
1282,2013-07-06,175
1283,2013-07-07,123
1284,2013-07-08,106
1285,2013-07-09,105
1286,2013-07-10,149
1287,2013-07-11,145
1288,2013-07-12,136
1289,2013-07-13,95
1290,2013-07-14,75
1291,2013-07-15,126
1292,2013-07-16,124
1293,2013-07-17,119
1294,2013-07-18,156
1295,2013-07-19,139
1296,2013-07-20,95
1297,2013-07-21,107
1298,2013-07-22,123
1299,2013-07-23,140
1300,2013-07-24,160
1301,2013-07-25,152
1302,2013-07-26,137
1303,2013-07-27,129
1304,2013-07-28,120
1305,2013-07-29,112
1306,2013-07-30,148
1307,2013-07-31,147
1308,2013-08-01,142
1309,2013-08-02,157
1310,2013-08-03,121
1311,2013-08-04,109
1312,2013-08-05,117
1313,2013-08-06,148
1314,2013-08-07,142
1315,2013-08-08,151
1316,2013-08-09,130
1317,2013-08-10,99
1318,2013-08-11,105
1319,2013-08-12,133
1320,2013-08-13,139
1321,2013-08-14,143
1322,2013-08-15,161
1323,2013-08-16,145
1324,2013-08-17,140
1325,2013-08-18,139
1326,2013-08-19,106
1327,2013-08-20,130
1328,2013-08-21,204
1329,2013-08-22,180
1330,2013-08-23,115
1331,2013-08-24,122
1332,2013-08-25,97
1333,2013-08-26,114
1334,2013-08-27,167
1335,2013-08-28,160
1336,2013-08-29,150
1337,2013-08-30,130
1338,2013-08-31,119
1339,2013-09-01,114
1340,2013-09-02,112
1341,2013-09-03,118
1342,2013-09-04,153
1343,2013-09-05,162
1344,2013-09-06,112
1345,2013-09-07,98
1346,2013-09-08,92
1347,2013-09-09,110
1348,2013-09-10,153
1349,2013-09-11,214
1350,2013-09-12,189
1351,2013-09-13,122
1352,2013-09-14,115
1353,2013-09-15,105
1354,2013-09-16,129
1355,2013-09-17,121
1356,2013-09-18,134
1357,2013-09-19,125
1358,2013-09-20,123
1359,2013-09-21,129
1360,2013-09-22,115
1361,2013-09-23,112
1362,2013-09-24,118
1363,2013-09-25,155
1364,2013-09-26,150
1365,2013-09-27,106
1366,2013-09-28,98
1367,2013-09-29,107
1368,2013-09-30,120
1369,2013-10-01,140
1370,2013-10-02,167
1371,2013-10-03,158
1372,2013-10-04,140
1373,2013-10-05,92
1374,2013-10-06,92
1375,2013-10-07,101
1376,2013-10-08,125
1377,2013-10-09,200
1378,2013-10-10,184
1379,2013-10-11,137
1380,2013-10-12,118
1381,2013-10-13,124
1382,2013-10-14,109
1383,2013-10-15,130
1384,2013-10-16,154
1385,2013-10-17,152
1386,2013-10-18,137
1387,2013-10-19,136
1388,2013-10-20,99
1389,2013-10-21,119
1390,2013-10-22,129
1391,2013-10-23,179
1392,2013-10-24,156
1393,2013-10-25,125
1394,2013-10-26,111
1395,2013-10-27,98
1396,2013-10-28,123
1397,2013-10-29,116
1398,2013-10-30,137
1399,2013-10-31,135
1400,2013-11-01,98
1401,2013-11-02,125
1402,2013-11-03,134
1403,2013-11-04,117
1404,2013-11-05,130
1405,2013-11-06,178
1406,2013-11-07,186
1407,2013-11-08,146
1408,2013-11-09,123
1409,2013-11-10,103
1410,2013-11-11,104
1411,2013-11-12,148
1412,2013-11-13,161
1413,2013-11-14,158
1414,2013-11-15,161
1415,2013-11-16,98
1416,2013-11-17,94
1417,2013-11-18,125
1418,2013-11-19,139
1419,2013-11-20,123
1420,2013-11-21,137
1421,2013-11-22,121
1422,2013-11-23,120
1423,2013-11-24,95
1424,2013-11-25,130
1425,2013-11-26,126
1426,2013-11-27,109
1427,2013-11-28,70
1428,2013-11-29,94
1429,2013-11-30,108
1430,2013-12-01,120
1431,2013-12-02,116
1432,2013-12-03,163
1433,2013-12-04,141
1434,2013-12-05,130
1435,2013-12-06,132
1436,2013-12-07,90
1437,2013-12-08,112
1438,2013-12-09,115
1439,2013-12-10,126
1440,2013-12-11,178
1441,2013-12-12,160
1442,2013-12-13,121
1443,2013-12-14,98
1444,2013-12-15,105
1445,2013-12-16,124
1446,2013-12-17,146
1447,2013-12-18,153
1448,2013-12-19,119
1449,2013-12-20,113
1450,2013-12-21,117
1451,2013-12-22,103
1452,2013-12-23,100
1453,2013-12-24,66
1454,2013-12-25,83
1455,2013-12-26,122
1456,2013-12-27,128
1457,2013-12-28,130
1458,2013-12-29,113
1459,2013-12-30,123
1460,2013-12-31,137
1461,2014-01-01,113
1462,2014-01-02,124
1463,2014-01-03,153
1464,2014-01-04,129
1465,2014-01-05,82
1466,2014-01-06,110
1467,2014-01-07,126
1468,2014-01-08,162
1469,2014-01-09,146
1470,2014-01-10,162
1471,2014-01-11,111
1472,2014-01-12,84
1473,2014-01-13,100
1474,2014-01-14,162
1475,2014-01-15,163
1476,2014-01-16,167
1477,2014-01-17,144
1478,2014-01-18,128
1479,2014-01-19,103
1480,2014-01-20,103
1481,2014-01-21,137
1482,2014-01-22,171
1483,2014-01-23,161
1484,2014-01-24,117
1485,2014-01-25,103
1486,2014-01-26,83
1487,2014-01-27,112
1488,2014-01-28,154
1489,2014-01-29,158
1490,2014-01-30,149
1491,2014-01-31,156
1492,2014-02-01,124
1493,2014-02-02,99
1494,2014-02-03,101
1495,2014-02-04,133
1496,2014-02-05,163
1497,2014-02-06,139
1498,2014-02-07,135
1499,2014-02-08,145
1500,2014-02-09,116
1501,2014-02-10,115
1502,2014-02-11,120
1503,2014-02-12,173
1504,2014-02-13,129
1505,2014-02-14,116
1506,2014-02-15,131
1507,2014-02-16,107
1508,2014-02-17,114
1509,2014-02-18,132
1510,2014-02-19,142
1511,2014-02-20,163
1512,2014-02-21,130
1513,2014-02-22,108
1514,2014-02-23,83
1515,2014-02-24,90
1516,2014-02-25,141
1517,2014-02-26,176
1518,2014-02-27,148
1519,2014-02-28,99
1520,2014-03-01,87
1521,2014-03-02,108
1522,2014-03-03,133
1523,2014-03-04,147
1524,2014-03-05,165
1525,2014-03-06,148
1526,2014-03-07,139
1527,2014-03-08,124
1528,2014-03-09,100
1529,2014-03-10,133
1530,2014-03-11,137
1531,2014-03-12,115
1532,2014-03-13,158
1533,2014-03-14,161
1534,2014-03-15,112
1535,2014-03-16,102
1536,2014-03-17,96
1537,2014-03-18,161
1538,2014-03-19,140
1539,2014-03-20,152
1540,2014-03-21,100
1541,2014-03-22,67
1542,2014-03-23,109
1543,2014-03-24,96
1544,2014-03-25,157
1545,2014-03-26,175
1546,2014-03-27,145
1547,2014-03-28,157
1548,2014-03-29,139
1549,2014-03-30,116
1550,2014-03-31,84
1551,2014-04-01,138
1552,2014-04-02,139
1553,2014-04-03,144
1554,2014-04-04,171
1555,2014-04-05,125
1556,2014-04-06,102
1557,2014-04-07,103
1558,2014-04-08,135
1559,2014-04-09,174
1560,2014-04-10,162
1561,2014-04-11,117
1562,2014-04-12,120
1563,2014-04-13,104
1564,2014-04-14,80
1565,2014-04-15,147
1566,2014-04-16,149
1567,2014-04-17,155
1568,2014-04-18,126
1569,2014-04-19,90
1570,2014-04-20,86
1571,2014-04-21,121
1572,2014-04-22,155
1573,2014-04-23,181
1574,2014-04-24,182
1575,2014-04-25,133
1576,2014-04-26,122
1577,2014-04-27,99
1578,2014-04-28,106
1579,2014-04-29,110
1580,2014-04-30,160
1581,2014-05-01,175
1582,2014-05-02,171
1583,2014-05-03,118
1584,2014-05-04,96
1585,2014-05-05,101
1586,2014-05-06,141
1587,2014-05-07,152
1588,2014-05-08,151
1589,2014-05-09,135
1590,2014-05-10,127
1591,2014-05-11,98
1592,2014-05-12,121
1593,2014-05-13,131
1594,2014-05-14,113
1595,2014-05-15,142
1596,2014-05-16,125
1597,2014-05-17,112
1598,2014-05-18,87
1599,2014-05-19,104
1600,2014-05-20,124
1601,2014-05-21,149
1602,2014-05-22,135
1603,2014-05-23,160
1604,2014-05-24,106
1605,2014-05-25,134
1606,2014-05-26,105
1607,2014-05-27,131
1608,2014-05-28,131
1609,2014-05-29,154
1610,2014-05-30,131
1611,2014-05-31,108
1612,2014-06-01,96
1613,2014-06-02,105
1614,2014-06-03,124
1615,2014-06-04,142
1616,2014-06-05,148
1617,2014-06-06,149
1618,2014-06-07,103
1619,2014-06-08,84
1620,2014-06-09,108
1621,2014-06-10,137
1622,2014-06-11,98
1623,2014-06-12,137
1624,2014-06-13,106
1625,2014-06-14,99
1626,2014-06-15,91
1627,2014-06-16,76
1628,2014-06-17,132
1629,2014-06-18,160
1630,2014-06-19,164
1631,2014-06-20,147
1632,2014-06-21,116
1633,2014-06-22,129
1634,2014-06-23,98
1635,2014-06-24,125
1636,2014-06-25,145
1637,2014-06-26,167
1638,2014-06-27,160
1639,2014-06-28,100
1640,2014-06-29,98
1641,2014-06-30,119
1642,2014-07-01,144
1643,2014-07-02,160
1644,2014-07-03,157
1645,2014-07-04,171
1646,2014-07-05,168
1647,2014-07-06,134
1648,2014-07-07,113
1649,2014-07-08,118
1650,2014-07-09,155
1651,2014-07-10,169
1652,2014-07-11,132
1653,2014-07-12,121
1654,2014-07-13,106
1655,2014-07-14,116
1656,2014-07-15,163
1657,2014-07-16,193
1658,2014-07-17,203
1659,2014-07-18,176
1660,2014-07-19,135
1661,2014-07-20,134
1662,2014-07-21,104
1663,2014-07-22,189
1664,2014-07-23,184
1665,2014-07-24,168
1666,2014-07-25,156
1667,2014-07-26,132
1668,2014-07-27,120
1669,2014-07-28,116
1670,2014-07-29,173
1671,2014-07-30,170
1672,2014-07-31,156
1673,2014-08-01,147
1674,2014-08-02,135
1675,2014-08-03,128
1676,2014-08-04,129
1677,2014-08-05,162
1678,2014-08-06,161
1679,2014-08-07,179
1680,2014-08-08,146
1681,2014-08-09,123
1682,2014-08-10,113
1683,2014-08-11,112
1684,2014-08-12,153
1685,2014-08-13,168
1686,2014-08-14,185
1687,2014-08-15,154
1688,2014-08-16,129
1689,2014-08-17,108
1690,2014-08-18,107
1691,2014-08-19,128
1692,2014-08-20,173
1693,2014-08-21,142
1694,2014-08-22,133
1695,2014-08-23,120
1696,2014-08-24,93
1697,2014-08-25,126
1698,2014-08-26,164
1699,2014-08-27,173
1700,2014-08-28,146
1701,2014-08-29,135
1702,2014-08-30,145
1703,2014-08-31,135
1704,2014-09-01,135
1705,2014-09-02,116
1706,2014-09-03,131
1707,2014-09-04,146
1708,2014-09-05,133
1709,2014-09-06,130
1710,2014-09-07,124
1711,2014-09-08,126
1712,2014-09-09,145
1713,2014-09-10,166
1714,2014-09-11,165
1715,2014-09-12,149
1716,2014-09-13,127
1717,2014-09-14,134
1718,2014-09-15,106
1719,2014-09-16,128
1720,2014-09-17,155
1721,2014-09-18,158
1722,2014-09-19,139
1723,2014-09-20,136
1724,2014-09-21,101
1725,2014-09-22,113
1726,2014-09-23,135
1727,2014-09-24,160
1728,2014-09-25,157
1729,2014-09-26,156
1730,2014-09-27,129
1731,2014-09-28,125
1732,2014-09-29,135
1733,2014-09-30,140
1734,2014-10-01,148
1735,2014-10-02,153
1736,2014-10-03,122
1737,2014-10-04,111
1738,2014-10-05,94
1739,2014-10-06,144
1740,2014-10-07,132
1741,2014-10-08,153
1742,2014-10-09,142
1743,2014-10-10,134
1744,2014-10-11,134
1745,2014-10-12,117
1746,2014-10-13,100
1747,2014-10-14,133
1748,2014-10-15,168
1749,2014-10-16,136
1750,2014-10-17,111
1751,2014-10-18,112
1752,2014-10-19,110
1753,2014-10-20,138
1754,2014-10-21,139
1755,2014-10-22,142
1756,2014-10-23,137
1757,2014-10-24,150
1758,2014-10-25,115
1759,2014-10-26,119
1760,2014-10-27,109
1761,2014-10-28,119
1762,2014-10-29,143
1763,2014-10-30,158
1764,2014-10-31,126
1765,2014-11-01,111
1766,2014-11-02,108
1767,2014-11-03,124
1768,2014-11-04,136
1769,2014-11-05,123
1770,2014-11-06,114
1771,2014-11-07,144
1772,2014-11-08,96
1773,2014-11-09,80
1774,2014-11-10,92
1775,2014-11-11,95
1776,2014-11-12,116
1777,2014-11-13,117
1778,2014-11-14,105
1779,2014-11-15,122
1780,2014-11-16,89
1781,2014-11-17,92
1782,2014-11-18,95
1783,2014-11-19,132
1784,2014-11-20,91
1785,2014-11-21,87
1786,2014-11-22,55
1787,2014-11-23,81
1788,2014-11-24,63
1789,2014-11-25,49
1790,2014-11-26,51
1791,2014-11-27,60
1792,2014-11-28,78
1793,2014-11-29,78
1794,2014-11-30,60
1795,2014-12-01,90
1796,2014-12-02,60
1797,2014-12-03,106
1798,2014-12-04,119
1799,2014-12-05,104
1800,2014-12-06,77
1801,2014-12-07,77
1802,2014-12-08,82
1803,2014-12-09,103
1804,2014-12-10,88
1805,2014-12-11,106
1806,2014-12-12,78
1807,2014-12-13,77
1808,2014-12-14,62
1809,2014-12-15,88
1810,2014-12-16,98
1811,2014-12-17,126
1812,2014-12-18,118
1813,2014-12-19,86
1814,2014-12-20,92
1815,2014-12-21,85
1816,2014-12-22,102
1817,2014-12-23,109
1818,2014-12-24,64
1819,2014-12-25,64
1820,2014-12-26,82
1821,2014-12-27,64
1822,2014-12-28,75
1823,2014-12-29,57
1824,2014-12-30,108
1825,2014-12-31,113
1826,2015-01-01,102
1827,2015-01-02,80
1828,2015-01-03,78
1829,2015-01-04,76
1830,2015-01-05,92
1831,2015-01-06,116
1832,2015-01-07,131
1833,2015-01-08,134
1834,2015-01-09,113
1835,2015-01-10,78
1836,2015-01-11,82
1837,2015-01-12,86
1838,2015-01-13,98
1839,2015-01-14,103
1840,2015-01-15,117
1841,2015-01-16,101
1842,2015-01-17,99
1843,2015-01-18,72
1844,2015-01-19,94
1845,2015-01-20,91
1846,2015-01-21,136
1847,2015-01-22,126
1848,2015-01-23,96
1849,2015-01-24,80
1850,2015-01-25,100
1851,2015-01-26,87
1852,2015-01-27,106
1853,2015-01-28,137
1854,2015-01-29,176
1855,2015-01-30,110
1856,2015-01-31,86
1857,2015-02-01,90
1858,2015-02-02,87
1859,2015-02-03,103
1860,2015-02-04,128
1861,2015-02-05,122
1862,2015-02-06,102
1863,2015-02-07,104
1864,2015-02-08,78
1865,2015-02-09,72
1866,2015-02-10,90
1867,2015-02-11,115
1868,2015-02-12,128
1869,2015-02-13,140
1870,2015-02-14,84
1871,2015-02-15,85
1872,2015-02-16,78
1873,2015-02-17,113
1874,2015-02-18,123
1875,2015-02-19,113
1876,2015-02-20,104
1877,2015-02-21,83
1878,2015-02-22,81
1879,2015-02-23,97
1880,2015-02-24,96
1881,2015-02-25,130
1882,2015-02-26,119
1883,2015-02-27,114
1884,2015-02-28,71
1885,2015-03-01,79
1886,2015-03-02,76
1887,2015-03-03,110
1888,2015-03-04,133
1889,2015-03-05,108
1890,2015-03-06,125
1891,2015-03-07,84
1892,2015-03-08,74
1893,2015-03-09,101
1894,2015-03-10,103
1895,2015-03-11,136
1896,2015-03-12,110
1897,2015-03-13,115
1898,2015-03-14,122
1899,2015-03-15,89
1900,2015-03-16,86
1901,2015-03-17,98
1902,2015-03-18,120
1903,2015-03-19,90
1904,2015-03-20,110
1905,2015-03-21,107
1906,2015-03-22,76
1907,2015-03-23,72
1908,2015-03-24,106
1909,2015-03-25,117
1910,2015-03-26,107
1911,2015-03-27,96
1912,2015-03-28,77
1913,2015-03-29,84
1914,2015-03-30,72
1915,2015-03-31,106
1916,2015-04-01,114
1917,2015-04-02,106
1918,2015-04-03,93
1919,2015-04-04,68
1920,2015-04-05,71
1921,2015-04-06,68
1922,2015-04-07,85
1923,2015-04-08,124
1924,2015-04-09,108
1925,2015-04-10,92
1926,2015-04-11,103
1927,2015-04-12,93
1928,2015-04-13,77
1929,2015-04-14,130
1930,2015-04-15,113
1931,2015-04-16,109
1932,2015-04-17,81
1933,2015-04-18,79
1934,2015-04-19,72
1935,2015-04-20,94
1936,2015-04-21,103
1937,2015-04-22,124
1938,2015-04-23,123
1939,2015-04-24,106
1940,2015-04-25,78
1941,2015-04-26,73
1942,2015-04-27,60
1943,2015-04-28,102
1944,2015-04-29,123
1945,2015-04-30,118
1946,2015-05-01,98
1947,2015-05-02,78
1948,2015-05-03,77
1949,2015-05-04,70
1950,2015-05-05,144
1951,2015-05-06,116
1952,2015-05-07,100
1953,2015-05-08,87
1954,2015-05-09,99
1955,2015-05-10,82
1956,2015-05-11,84
1957,2015-05-12,94
1958,2015-05-13,134
1959,2015-05-14,116
1960,2015-05-15,88
1961,2015-05-16,86
1962,2015-05-17,102
1963,2015-05-18,87
1964,2015-05-19,108
1965,2015-05-20,117
1966,2015-05-21,107
1967,2015-05-22,105
1968,2015-05-23,71
1969,2015-05-24,104
1970,2015-05-25,83
1971,2015-05-26,114
1972,2015-05-27,117
1973,2015-05-28,142
1974,2015-05-29,114
1975,2015-05-30,100
1976,2015-05-31,106
1977,2015-06-01,78
1978,2015-06-02,117
1979,2015-06-03,117
1980,2015-06-04,126
1981,2015-06-05,105
1982,2015-06-06,83
1983,2015-06-07,80
1984,2015-06-08,105
1985,2015-06-09,95
1986,2015-06-10,113
1987,2015-06-11,108
1988,2015-06-12,92
1989,2015-06-13,90
1990,2015-06-14,80
1991,2015-06-15,92
1992,2015-06-16,85
1993,2015-06-17,106
1994,2015-06-18,121
1995,2015-06-19,102
1996,2015-06-20,81
1997,2015-06-21,74
1998,2015-06-22,84
1999,2015-06-23,99
2000,2015-06-24,100
2001,2015-06-25,115
2002,2015-06-26,98
2003,2015-06-27,94
2004,2015-06-28,79
2005,2015-06-29,83
2006,2015-06-30,105
2007,2015-07-01,106
2008,2015-07-02,118
2009,2015-07-03,102
2010,2015-07-04,98
2011,2015-07-05,94
2012,2015-07-06,86
2013,2015-07-07,110
2014,2015-07-08,93
2015,2015-07-09,110
2016,2015-07-10,91
2017,2015-07-11,84
2018,2015-07-12,69
2019,2015-07-13,89
2020,2015-07-14,88
2021,2015-07-15,105
2022,2015-07-16,128
2023,2015-07-17,92
2024,2015-07-18,88
2025,2015-07-19,90
2026,2015-07-20,80
2027,2015-07-21,97
2028,2015-07-22,126
2029,2015-07-23,128
2030,2015-07-24,90
2031,2015-07-25,85
2032,2015-07-26,75
2033,2015-07-27,98
2034,2015-07-28,89
2035,2015-07-29,107
2036,2015-07-30,123
2037,2015-07-31,83
2038,2015-08-01,91
2039,2015-08-02,102
2040,2015-08-03,88
2041,2015-08-04,101
2042,2015-08-05,101
2043,2015-08-06,119
2044,2015-08-07,94
2045,2015-08-08,77
2046,2015-08-09,88
2047,2015-08-10,78
2048,2015-08-11,104
2049,2015-08-12,112
2050,2015-08-13,170
2051,2015-08-14,112
2052,2015-08-15,84
2053,2015-08-16,78
2054,2015-08-17,81
2055,2015-08-18,93
2056,2015-08-19,131
2057,2015-08-20,144
2058,2015-08-21,104
2059,2015-08-22,77
2060,2015-08-23,69
2061,2015-08-24,79
2062,2015-08-25,101
2063,2015-08-26,116
2064,2015-08-27,131
2065,2015-08-28,98
2066,2015-08-29,96
2067,2015-08-30,83
2068,2015-08-31,91
2069,2015-09-01,120
2070,2015-09-02,122
2071,2015-09-03,102
2072,2015-09-04,84
2073,2015-09-05,100
2074,2015-09-06,89
2075,2015-09-07,116
2076,2015-09-08,102
2077,2015-09-09,116
2078,2015-09-10,134
2079,2015-09-11,107
2080,2015-09-12,67
2081,2015-09-13,85
2082,2015-09-14,80
2083,2015-09-15,94
2084,2015-09-16,116
2085,2015-09-17,121
2086,2015-09-18,108
2087,2015-09-19,98
2088,2015-09-20,63
2089,2015-09-21,96
2090,2015-09-22,124
2091,2015-09-23,114
2092,2015-09-24,126
2093,2015-09-25,101
2094,2015-09-26,91
2095,2015-09-27,92
2096,2015-09-28,100
2097,2015-09-29,98
2098,2015-09-30,108
2099,2015-10-01,106
2100,2015-10-02,93
2101,2015-10-03,82
2102,2015-10-04,87
2103,2015-10-05,95
2104,2015-10-06,117
2105,2015-10-07,143
2106,2015-10-08,146
2107,2015-10-09,85
2108,2015-10-10,97
2109,2015-10-11,102
2110,2015-10-12,113
2111,2015-10-13,110
2112,2015-10-14,144
2113,2015-10-15,108
2114,2015-10-16,112
2115,2015-10-17,81
2116,2015-10-18,82
2117,2015-10-19,111
2118,2015-10-20,111
2119,2015-10-21,127
2120,2015-10-22,117
2121,2015-10-23,90
2122,2015-10-24,78
2123,2015-10-25,98
2124,2015-10-26,97
2125,2015-10-27,116
2126,2015-10-28,118
2127,2015-10-29,92
2128,2015-10-30,88
2129,2015-10-31,81
2130,2015-11-01,92
2131,2015-11-02,81
2132,2015-11-03,92
2133,2015-11-04,111
2134,2015-11-05,111
2135,2015-11-06,86
2136,2015-11-07,88
2137,2015-11-08,73
2138,2015-11-09,91
2139,2015-11-10,90
2140,2015-11-11,95
2141,2015-11-12,107
2142,2015-11-13,91
2143,2015-11-14,93
2144,2015-11-15,78
2145,2015-11-16,82
2146,2015-11-17,104
2147,2015-11-18,113
2148,2015-11-19,90
2149,2015-11-20,98
2150,2015-11-21,99
2151,2015-11-22,95
2152,2015-11-23,113
2153,2015-11-24,98
2154,2015-11-25,77
2155,2015-11-26,48
2156,2015-11-27,73
2157,2015-11-28,89
2158,2015-11-29,79
2159,2015-11-30,97
2160,2015-12-01,97
2161,2015-12-02,90
2162,2015-12-03,110
2163,2015-12-04,101
2164,2015-12-05,53
2165,2015-12-06,57
2166,2015-12-07,76
2167,2015-12-08,79
2168,2015-12-09,110
2169,2015-12-10,100
2170,2015-12-11,95
2171,2015-12-12,67
2172,2015-12-13,80
2173,2015-12-14,74
2174,2015-12-15,80
2175,2015-12-16,99
2176,2015-12-17,116
2177,2015-12-18,75
2178,2015-12-19,72
2179,2015-12-20,63
2180,2015-12-21,83
2181,2015-12-22,98
2182,2015-12-23,83
2183,2015-12-24,50
2184,2015-12-25,51
2185,2015-12-26,75
2186,2015-12-27,70
2187,2015-12-28,95
2188,2015-12-29,87
2189,2015-12-30,100
2190,2015-12-31,95
2191,2016-01-01,83
2192,2016-01-02,91
2193,2016-01-03,80
2194,2016-01-04,90
2195,2016-01-05,83
2196,2016-01-06,85
2197,2016-01-07,107
2198,2016-01-08,95
2199,2016-01-09,103
2200,2016-01-10,85
2201,2016-01-11,102
2202,2016-01-12,93
2203,2016-01-13,100
2204,2016-01-14,103
2205,2016-01-15,137
2206,2016-01-16,88
2207,2016-01-17,76
2208,2016-01-18,89
2209,2016-01-19,114
2210,2016-01-20,110
2211,2016-01-21,112
2212,2016-01-22,118
2213,2016-01-23,90
2214,2016-01-24,71
2215,2016-01-25,85
2216,2016-01-26,103
2217,2016-01-27,105
2218,2016-01-28,107
2219,2016-01-29,110
2220,2016-01-30,88
2221,2016-01-31,60
2222,2016-02-01,80
2223,2016-02-02,99
2224,2016-02-03,137
2225,2016-02-04,137
2226,2016-02-05,115
2227,2016-02-06,89
2228,2016-02-07,72
2229,2016-02-08,80
2230,2016-02-09,146
2231,2016-02-10,111
2232,2016-02-11,91
2233,2016-02-12,76
2234,2016-02-13,100
2235,2016-02-14,88
2236,2016-02-15,93
2237,2016-02-16,105
2238,2016-02-17,114
2239,2016-02-18,103
2240,2016-02-19,87
2241,2016-02-20,70
2242,2016-02-21,68
2243,2016-02-22,97
2244,2016-02-23,115
2245,2016-02-24,118
2246,2016-02-25,114
2247,2016-02-26,137
2248,2016-02-27,101
2249,2016-02-28,87
2250,2016-02-29,86
2251,2016-03-01,103
2252,2016-03-02,104
2253,2016-03-03,100
2254,2016-03-04,99
2255,2016-03-05,82
2256,2016-03-06,74
2257,2016-03-07,106
2258,2016-03-08,107
2259,2016-03-09,116
2260,2016-03-10,140
2261,2016-03-11,92
2262,2016-03-12,80
2263,2016-03-13,71
2264,2016-03-14,96
2265,2016-03-15,108
2266,2016-03-16,121
2267,2016-03-17,117
2268,2016-03-18,80
2269,2016-03-19,100
2270,2016-03-20,74
2271,2016-03-21,58
2272,2016-03-22,97
2273,2016-03-23,128
2274,2016-03-24,107
2275,2016-03-25,115
2276,2016-03-26,83
2277,2016-03-27,70
2278,2016-03-28,96
2279,2016-03-29,94
2280,2016-03-30,122
2281,2016-03-31,124
2282,2016-04-01,92
2283,2016-04-02,109
2284,2016-04-03,98
2285,2016-04-04,67
2286,2016-04-05,109
2287,2016-04-06,125
2288,2016-04-07,130
2289,2016-04-08,90
2290,2016-04-09,105
2291,2016-04-10,95
2292,2016-04-11,105
2293,2016-04-12,116
2294,2016-04-13,120
2295,2016-04-14,118
2296,2016-04-15,81
2297,2016-04-16,102
2298,2016-04-17,81
2299,2016-04-18,91
2300,2016-04-19,101
2301,2016-04-20,145
2302,2016-04-21,138
2303,2016-04-22,109
2304,2016-04-23,94
2305,2016-04-24,83
2306,2016-04-25,77
2307,2016-04-26,99
2308,2016-04-27,130
2309,2016-04-28,116
2310,2016-04-29,127
2311,2016-04-30,113
2312,2016-05-01,88
2313,2016-05-02,98
2314,2016-05-03,109
2315,2016-05-04,110
2316,2016-05-05,124
2317,2016-05-06,100
2318,2016-05-07,86
2319,2016-05-08,76
2320,2016-05-09,110
2321,2016-05-10,118
2322,2016-05-11,125
2323,2016-05-12,121
2324,2016-05-13,104
2325,2016-05-14,82
2326,2016-05-15,89
2327,2016-05-16,83
2328,2016-05-17,122
2329,2016-05-18,117
2330,2016-05-19,133
2331,2016-05-20,111
2332,2016-05-21,92
2333,2016-05-22,99
2334,2016-05-23,88
2335,2016-05-24,113
2336,2016-05-25,112
2337,2016-05-26,127
2338,2016-05-27,106
2339,2016-05-28,125
2340,2016-05-29,87
2341,2016-05-30,113
2342,2016-05-31,118
2343,2016-06-01,137
2344,2016-06-02,131
2345,2016-06-03,99
2346,2016-06-04,72
2347,2016-06-05,79
2348,2016-06-06,93
2349,2016-06-07,101
2350,2016-06-08,145
2351,2016-06-09,125
2352,2016-06-10,85
2353,2016-06-11,98
2354,2016-06-12,81
2355,2016-06-13,89
2356,2016-06-14,103
2357,2016-06-15,133
2358,2016-06-16,133
2359,2016-06-17,102
2360,2016-06-18,86
2361,2016-06-19,106
2362,2016-06-20,92
2363,2016-06-21,132
2364,2016-06-22,122
2365,2016-06-23,117
2366,2016-06-24,106
2367,2016-06-25,90
2368,2016-06-26,92
2369,2016-06-27,116
2370,2016-06-28,116
2371,2016-06-29,127
2372,2016-06-30,97
2373,2016-07-01,91
2374,2016-07-02,95
2375,2016-07-03,86
2376,2016-07-04,124
2377,2016-07-05,118
2378,2016-07-06,103
2379,2016-07-07,101
2380,2016-07-08,78
2381,2016-07-09,66
2382,2016-07-10,97
2383,2016-07-11,93
2384,2016-07-12,88
2385,2016-07-13,111
2386,2016-07-14,113
2387,2016-07-15,116
2388,2016-07-16,89
2389,2016-07-17,96
2390,2016-07-18,92
2391,2016-07-19,100
2392,2016-07-20,93
2393,2016-07-21,122
2394,2016-07-22,107
2395,2016-07-23,87
2396,2016-07-24,86
2397,2016-07-25,103
2398,2016-07-26,106
2399,2016-07-27,103
2400,2016-07-28,109
2401,2016-07-29,126
2402,2016-07-30,87
2403,2016-07-31,95
2404,2016-08-01,98
2405,2016-08-02,120
2406,2016-08-03,127
2407,2016-08-04,129
2408,2016-08-05,102
2409,2016-08-06,79
2410,2016-08-07,80
2411,2016-08-08,88
2412,2016-08-09,105
2413,2016-08-10,113
2414,2016-08-11,124
2415,2016-08-12,96
2416,2016-08-13,101
2417,2016-08-14,113
2418,2016-08-15,104
2419,2016-08-16,114
2420,2016-08-17,125
2421,2016-08-18,102
2422,2016-08-19,106
2423,2016-08-20,108
2424,2016-08-21,112
2425,2016-08-22,95
2426,2016-08-23,112
2427,2016-08-24,139
2428,2016-08-25,114
2429,2016-08-26,113
2430,2016-08-27,114
2431,2016-08-28,99
2432,2016-08-29,110
2433,2016-08-30,116
2434,2016-08-31,94
2435,2016-09-01,129
2436,2016-09-02,98
2437,2016-09-03,103
2438,2016-09-04,93
2439,2016-09-05,109
2440,2016-09-06,109
2441,2016-09-07,115
2442,2016-09-08,141
2443,2016-09-09,112
2444,2016-09-10,97
2445,2016-09-11,97
2446,2016-09-12,106
2447,2016-09-13,105
2448,2016-09-14,114
2449,2016-09-15,116
2450,2016-09-16,113
2451,2016-09-17,109
2452,2016-09-18,88
2453,2016-09-19,125
2454,2016-09-20,137
2455,2016-09-21,125
2456,2016-09-22,125
2457,2016-09-23,86
2458,2016-09-24,92
2459,2016-09-25,79
2460,2016-09-26,98
2461,2016-09-27,132
2462,2016-09-28,123
2463,2016-09-29,96
2464,2016-09-30,100
2465,2016-10-01,83
2466,2016-10-02,92
2467,2016-10-03,96
2468,2016-10-04,137
2469,2016-10-05,107
2470,2016-10-06,115
2471,2016-10-07,117
2472,2016-10-08,95
2473,2016-10-09,89
2474,2016-10-10,101
2475,2016-10-11,106
2476,2016-10-12,116
2477,2016-10-13,105
2478,2016-10-14,119
2479,2016-10-15,83
2480,2016-10-16,86
2481,2016-10-17,95
2482,2016-10-18,99
2483,2016-10-19,129
2484,2016-10-20,107
2485,2016-10-21,105
2486,2016-10-22,77
2487,2016-10-23,93
2488,2016-10-24,82
2489,2016-10-25,100
2490,2016-10-26,111
2491,2016-10-27,103
2492,2016-10-28,92
2493,2016-10-29,80
2494,2016-10-30,73
2495,2016-10-31,86
2496,2016-11-01,114
2497,2016-11-02,109
2498,2016-11-03,114
2499,2016-11-04,114
2500,2016-11-05,76
2501,2016-11-06,86
2502,2016-11-07,83
2503,2016-11-08,92
2504,2016-11-09,147
2505,2016-11-10,91
2506,2016-11-11,77
2507,2016-11-12,77
2508,2016-11-13,62
2509,2016-11-14,90
2510,2016-11-15,100
2511,2016-11-16,114
2512,2016-11-17,79
2513,2016-11-18,108
2514,2016-11-19,79
2515,2016-11-20,73
2516,2016-11-21,88
2517,2016-11-22,101
2518,2016-11-23,90
2519,2016-11-24,54
2520,2016-11-25,64
2521,2016-11-26,80
2522,2016-11-27,62
2523,2016-11-28,85
2524,2016-11-29,100
2525,2016-11-30,94
2526,2016-12-01,106
2527,2016-12-02,96
2528,2016-12-03,82
2529,2016-12-04,85
2530,2016-12-05,84
2531,2016-12-06,101
2532,2016-12-07,106
2533,2016-12-08,122
2534,2016-12-09,78
2535,2016-12-10,81
2536,2016-12-11,90
2537,2016-12-12,108
2538,2016-12-13,105
2539,2016-12-14,101
2540,2016-12-15,99
2541,2016-12-16,108
2542,2016-12-17,68
2543,2016-12-18,68
2544,2016-12-19,94
2545,2016-12-20,113
2546,2016-12-21,90
2547,2016-12-22,84
2548,2016-12-23,64
2549,2016-12-24,60
2550,2016-12-25,63
2551,2016-12-26,67
2552,2016-12-27,87
2553,2016-12-28,114
2554,2016-12-29,102
2555,2016-12-30,97
2556,2016-12-31,93
2557,2017-01-01,86
2558,2017-01-02,83
2559,2017-01-03,92
2560,2017-01-04,98
2561,2017-01-05,110
2562,2017-01-06,84
2563,2017-01-07,74
2564,2017-01-08,74
2565,2017-01-09,83
2566,2017-01-10,80
2567,2017-01-11,102
2568,2017-01-12,87
2569,2017-01-13,87
2570,2017-01-14,85
2571,2017-01-15,65
2572,2017-01-16,84
2573,2017-01-17,94
2574,2017-01-18,89
2575,2017-01-19,90
2576,2017-01-20,79
2577,2017-01-21,89
2578,2017-01-22,61
2579,2017-01-23,91
2580,2017-01-24,106
2581,2017-01-25,114
2582,2017-01-26,132
2583,2017-01-27,90
2584,2017-01-28,88
2585,2017-01-29,87
2586,2017-01-30,96
2587,2017-01-31,117
2588,2017-02-01,118
2589,2017-02-02,124
2590,2017-02-03,96
2591,2017-02-04,76
2592,2017-02-05,71
2593,2017-02-06,80
2594,2017-02-07,119
2595,2017-02-08,129
2596,2017-02-09,122
2597,2017-02-10,88
2598,2017-02-11,70
2599,2017-02-12,85
2600,2017-02-13,99
2601,2017-02-14,105
2602,2017-02-15,136
2603,2017-02-16,100
2604,2017-02-17,57
2605,2017-02-18,78
2606,2017-02-19,83
2607,2017-02-20,84
2608,2017-02-21,125
2609,2017-02-22,122
2610,2017-02-23,115
2611,2017-02-24,94
2612,2017-02-25,88
2613,2017-02-26,75
2614,2017-02-27,121
2615,2017-02-28,118
2616,2017-03-01,123
2617,2017-03-02,117
2618,2017-03-03,104
2619,2017-03-04,89
2620,2017-03-05,76
2621,2017-03-06,103
2622,2017-03-07,104
2623,2017-03-08,97
2624,2017-03-09,121
2625,2017-03-10,98
2626,2017-03-11,92
2627,2017-03-12,90
2628,2017-03-13,106
2629,2017-03-14,113
2630,2017-03-15,132
2631,2017-03-16,121
2632,2017-03-17,99
2633,2017-03-18,107
2634,2017-03-19,75
2635,2017-03-20,101
2636,2017-03-21,85
2637,2017-03-22,129
2638,2017-03-23,136
2639,2017-03-24,76
2640,2017-03-25,88
2641,2017-03-26,90
2642,2017-03-27,91
2643,2017-03-28,118
2644,2017-03-29,135
2645,2017-03-30,110
2646,2017-03-31,109
2647,2017-04-01,70
2648,2017-04-02,81
2649,2017-04-03,116
2650,2017-04-04,105
2651,2017-04-05,123
2652,2017-04-06,107
2653,2017-04-07,109
2654,2017-04-08,84
2655,2017-04-09,93
2656,2017-04-10,96
2657,2017-04-11,108
2658,2017-04-12,98
2659,2017-04-13,124
2660,2017-04-14,82
2661,2017-04-15,98
2662,2017-04-16,67
2663,2017-04-17,95
2664,2017-04-18,107
2665,2017-04-19,125
2666,2017-04-20,115
2667,2017-04-21,95
2668,2017-04-22,99
2669,2017-04-23,108
2670,2017-04-24,87
2671,2017-04-25,144
2672,2017-04-26,124
2673,2017-04-27,144
2674,2017-04-28,103
2675,2017-04-29,92
2676,2017-04-30,98
2677,2017-05-01,104
2678,2017-05-02,117
2679,2017-05-03,127
2680,2017-05-04,102
2681,2017-05-05,101
2682,2017-05-06,105
2683,2017-05-07,67
2684,2017-05-08,98
2685,2017-05-09,114
2686,2017-05-10,109
2687,2017-05-11,119
2688,2017-05-12,101
2689,2017-05-13,74
2690,2017-05-14,82
2691,2017-05-15,87
2692,2017-05-16,113
2693,2017-05-17,106
2694,2017-05-18,135
2695,2017-05-19,108
2696,2017-05-20,84
2697,2017-05-21,73
2698,2017-05-22,81
2699,2017-05-23,105
2700,2017-05-24,105
2701,2017-05-25,102
2702,2017-05-26,98
2703,2017-05-27,89
2704,2017-05-28,106
2705,2017-05-29,106
2706,2017-05-30,116
2707,2017-05-31,106
2708,2017-06-01,112
2709,2017-06-02,92
2710,2017-06-03,96
2711,2017-06-04,98
2712,2017-06-05,105
2713,2017-06-06,100
2714,2017-06-07,98
2715,2017-06-08,116
2716,2017-06-09,95
2717,2017-06-10,90
2718,2017-06-11,85
2719,2017-06-12,103
2720,2017-06-13,114
2721,2017-06-14,122
2722,2017-06-15,104
2723,2017-06-16,114
2724,2017-06-17,92
2725,2017-06-18,75
2726,2017-06-19,100
2727,2017-06-20,113
2728,2017-06-21,115
2729,2017-06-22,124
2730,2017-06-23,102
2731,2017-06-24,95
2732,2017-06-25,84
2733,2017-06-26,98
2734,2017-06-27,108
2735,2017-06-28,124
2736,2017-06-29,100
2737,2017-06-30,94
2738,2017-07-01,90
2739,2017-07-02,81
2740,2017-07-03,82
2741,2017-07-04,99
2742,2017-07-05,115
2743,2017-07-06,106
2744,2017-07-07,101
2745,2017-07-08,76
2746,2017-07-09,92
2747,2017-07-10,114
2748,2017-07-11,114
2749,2017-07-12,110
2750,2017-07-13,125
2751,2017-07-14,118
2752,2017-07-15,92
2753,2017-07-16,99
2754,2017-07-17,89
2755,2017-07-18,104
2756,2017-07-19,133
2757,2017-07-20,105
2758,2017-07-21,95
2759,2017-07-22,92
2760,2017-07-23,96
2761,2017-07-24,100
2762,2017-07-25,93
2763,2017-07-26,121
2764,2017-07-27,104
2765,2017-07-28,87
2766,2017-07-29,86
2767,2017-07-30,92
2768,2017-07-31,102
2769,2017-08-01,108
2770,2017-08-02,109
2771,2017-08-03,130
2772,2017-08-04,99
2773,2017-08-05,111
2774,2017-08-06,94
2775,2017-08-07,88
2776,2017-08-08,109
2777,2017-08-09,146
2778,2017-08-10,111
2779,2017-08-11,74
2780,2017-08-12,95
2781,2017-08-13,93
2782,2017-08-14,107
2783,2017-08-15,109
2784,2017-08-16,111
2785,2017-08-17,111
2786,2017-08-18,95
2787,2017-08-19,98
2788,2017-08-20,105
2789,2017-08-21,110
2790,2017-08-22,122
2791,2017-08-23,123
2792,2017-08-24,118
2793,2017-08-25,105
2794,2017-08-26,78
2795,2017-08-27,90
2796,2017-08-28,101
2797,2017-08-29,120
2798,2017-08-30,110
2799,2017-08-31,133
2800,2017-09-01,116
2801,2017-09-02,93
2802,2017-09-03,110
2803,2017-09-04,107
2804,2017-09-05,109
2805,2017-09-06,105
2806,2017-09-07,105
2807,2017-09-08,83
2808,2017-09-09,75
2809,2017-09-10,88
2810,2017-09-11,106
2811,2017-09-12,100
2812,2017-09-13,124
2813,2017-09-14,115
2814,2017-09-15,108
2815,2017-09-16,79
2816,2017-09-17,91
2817,2017-09-18,102
2818,2017-09-19,99
2819,2017-09-20,108
2820,2017-09-21,102
2821,2017-09-22,102
2822,2017-09-23,84
2823,2017-09-24,82
2824,2017-09-25,95
2825,2017-09-26,100
2826,2017-09-27,110
2827,2017-09-28,123
2828,2017-09-29,94
2829,2017-09-30,65
2830,2017-10-01,90
2831,2017-10-02,84
2832,2017-10-03,104
2833,2017-10-04,112
2834,2017-10-05,113
2835,2017-10-06,95
2836,2017-10-07,97
2837,2017-10-08,98
2838,2017-10-09,109
2839,2017-10-10,120
2840,2017-10-11,117
2841,2017-10-12,114
2842,2017-10-13,99
2843,2017-10-14,87
2844,2017-10-15,97
2845,2017-10-16,104
2846,2017-10-17,106
2847,2017-10-18,99
2848,2017-10-19,110
2849,2017-10-20,102
2850,2017-10-21,77
2851,2017-10-22,83
2852,2017-10-23,89
2853,2017-10-24,100
2854,2017-10-25,114
2855,2017-10-26,105
2856,2017-10-27,95
2857,2017-10-28,78
2858,2017-10-29,68
2859,2017-10-30,93
2860,2017-10-31,97
2861,2017-11-01,84
2862,2017-11-02,102
2863,2017-11-03,88
2864,2017-11-04,80
2865,2017-11-05,96
2866,2017-11-06,107
2867,2017-11-07,125
2868,2017-11-08,87
2869,2017-11-09,95
2870,2017-11-10,89
2871,2017-11-11,60
2872,2017-11-12,79
2873,2017-11-13,75
2874,2017-11-14,111
2875,2017-11-15,109
2876,2017-11-16,99
2877,2017-11-17,97
2878,2017-11-18,62
2879,2017-11-19,76
2880,2017-11-20,84
2881,2017-11-21,115
2882,2017-11-22,94
2883,2017-11-23,73
2884,2017-11-24,81
2885,2017-11-25,79
2886,2017-11-26,83
2887,2017-11-27,94
2888,2017-11-28,127
2889,2017-11-29,131
2890,2017-11-30,111
2891,2017-12-01,99
2892,2017-12-02,74
2893,2017-12-03,85
2894,2017-12-04,92
2895,2017-12-05,75
2896,2017-12-06,69
2897,2017-12-07,92
2898,2017-12-08,89
2899,2017-12-09,85
2900,2017-12-10,72
2901,2017-12-11,104
2902,2017-12-12,106
2903,2017-12-13,97
2904,2017-12-14,95
2905,2017-12-15,89
2906,2017-12-16,71
2907,2017-12-17,85
2908,2017-12-18,102
2909,2017-12-19,89
2910,2017-12-20,96
2911,2017-12-21,95
2912,2017-12-22,90
2913,2017-12-23,89
2914,2017-12-24,54
2915,2017-12-25,63
2916,2017-12-26,67
2917,2017-12-27,98
2918,2017-12-28,120
2919,2017-12-29,78
2920,2017-12-30,83
2921,2017-12-31,87
2922,2018-01-01,117
2923,2018-01-02,82
2924,2018-01-03,99
2925,2018-01-04,104
2926,2018-01-05,105
2927,2018-01-06,83
2928,2018-01-07,79
2929,2018-01-08,71
2930,2018-01-09,79
2931,2018-01-10,106
2932,2018-01-11,97
2933,2018-01-12,106
2934,2018-01-13,83
2935,2018-01-14,88
2936,2018-01-15,110
2937,2018-01-16,100
2938,2018-01-17,112
2939,2018-01-18,71
2940,2018-01-19,94
2941,2018-01-20,98
2942,2018-01-21,79
2943,2018-01-22,70
2944,2018-01-23,79
2945,2018-01-24,130
2946,2018-01-25,151
2947,2018-01-26,100
2948,2018-01-27,88
2949,2018-01-28,104
2950,2018-01-29,106
2951,2018-01-30,114
2952,2018-01-31,113
2953,2018-02-01,114
2954,2018-02-02,96
2955,2018-02-03,106
2956,2018-02-04,97
2957,2018-02-05,74
2958,2018-02-06,117
2959,2018-02-07,141
2960,2018-02-08,118
2961,2018-02-09,100
2962,2018-02-10,89
2963,2018-02-11,79
2964,2018-02-12,106
2965,2018-02-13,91
2966,2018-02-14,105
2967,2018-02-15,101
2968,2018-02-16,74
2969,2018-02-17,111
2970,2018-02-18,87
2971,2018-02-19,91
2972,2018-02-20,96
2973,2018-02-21,92
2974,2018-02-22,121
2975,2018-02-23,105
2976,2018-02-24,86
2977,2018-02-25,78
2978,2018-02-26,91
2979,2018-02-27,109
2980,2018-02-28,152
2981,2018-03-01,92
2982,2018-03-02,79
2983,2018-03-03,92
2984,2018-03-04,82
2985,2018-03-05,81
2986,2018-03-06,122
2987,2018-03-07,119
2988,2018-03-08,95
2989,2018-03-09,87
2990,2018-03-10,74
2991,2018-03-11,76
2992,2018-03-12,106
2993,2018-03-13,61
2994,2018-03-14,99
2995,2018-03-15,101
2996,2018-03-16,71
2997,2018-03-17,66
2998,2018-03-18,77
2999,2018-03-19,71
3000,2018-03-20,102
3001,2018-03-21,109
3002,2018-03-22,107
3003,2018-03-23,105
3004,2018-03-24,86
3005,2018-03-25,88
3006,2018-03-26,85
3007,2018-03-27,109
3008,2018-03-28,126
3009,2018-03-29,119
3010,2018-03-30,110
3011,2018-03-31,70
3012,2018-04-01,82
3013,2018-04-02,85
3014,2018-04-03,106
3015,2018-04-04,117
3016,2018-04-05,106
3017,2018-04-06,94
3018,2018-04-07,78
3019,2018-04-08,99
3020,2018-04-09,95
3021,2018-04-10,101
3022,2018-04-11,118
3023,2018-04-12,101
3024,2018-04-13,92
3025,2018-04-14,88
3026,2018-04-15,75
3027,2018-04-16,84
3028,2018-04-17,118
3029,2018-04-18,134
3030,2018-04-19,146
3031,2018-04-20,106
3032,2018-04-21,87
3033,2018-04-22,90
3034,2018-04-23,87
3035,2018-04-24,105
3036,2018-04-25,91
3037,2018-04-26,116
3038,2018-04-27,84
3039,2018-04-28,60
3040,2018-04-29,74
3041,2018-04-30,77
3042,2018-05-01,122
3043,2018-05-02,117
3044,2018-05-03,103
3045,2018-05-04,104
3046,2018-05-05,73
3047,2018-05-06,79
3048,2018-05-07,75
3049,2018-05-08,85
3050,2018-05-09,98
3051,2018-05-10,106
3052,2018-05-11,96
3053,2018-05-12,72
3054,2018-05-13,72
3055,2018-05-14,82
3056,2018-05-15,110
3057,2018-05-16,102
3058,2018-05-17,112
3059,2018-05-18,82
3060,2018-05-19,83
3061,2018-05-20,100
3062,2018-05-21,94
3063,2018-05-22,108
3064,2018-05-23,89
3065,2018-05-24,100
3066,2018-05-25,101
3067,2018-05-26,92
3068,2018-05-27,79
3069,2018-05-28,83
3070,2018-05-29,105
3071,2018-05-30,99
3072,2018-05-31,113
3073,2018-06-01,97
3074,2018-06-02,85
3075,2018-06-03,90
3076,2018-06-04,96
3077,2018-06-05,104
3078,2018-06-06,115
3079,2018-06-07,115
3080,2018-06-08,92
3081,2018-06-09,88
3082,2018-06-10,99
3083,2018-06-11,114
3084,2018-06-12,106
3085,2018-06-13,140
3086,2018-06-14,111
3087,2018-06-15,124
3088,2018-06-16,80
3089,2018-06-17,62
3090,2018-06-18,90
3091,2018-06-19,89
3092,2018-06-20,106
3093,2018-06-21,88
3094,2018-06-22,97
3095,2018-06-23,85
3096,2018-06-24,92
3097,2018-06-25,120
3098,2018-06-26,102
3099,2018-06-27,104
3100,2018-06-28,118
3101,2018-06-29,108
3102,2018-06-30,87
3103,2018-07-01,79
3104,2018-07-02,92
3105,2018-07-03,91
3106,2018-07-04,105
3107,2018-07-05,108
3108,2018-07-06,87
3109,2018-07-07,92
3110,2018-07-08,104
3111,2018-07-09,99
3112,2018-07-10,95
3113,2018-07-11,102
3114,2018-07-12,132
3115,2018-07-13,101
3116,2018-07-14,90
3117,2018-07-15,83
3118,2018-07-16,98
3119,2018-07-17,132
3120,2018-07-18,111
3121,2018-07-19,113
3122,2018-07-20,101
3123,2018-07-21,88
3124,2018-07-22,104
3125,2018-07-23,98
3126,2018-07-24,93
3127,2018-07-25,112
3128,2018-07-26,116
3129,2018-07-27,105
3130,2018-07-28,101
3131,2018-07-29,75
3132,2018-07-30,112
3133,2018-07-31,109
3134,2018-08-01,115
3135,2018-08-02,116
3136,2018-08-03,108
3137,2018-08-04,101
3138,2018-08-05,98
3139,2018-08-06,89
3140,2018-08-07,102
3141,2018-08-08,123
3142,2018-08-09,145
3143,2018-08-10,104
3144,2018-08-11,116
3145,2018-08-12,94
3146,2018-08-13,96
3147,2018-08-14,102
3148,2018-08-15,126
3149,2018-08-16,140
3150,2018-08-17,105
3151,2018-08-18,110
3152,2018-08-19,100
3153,2018-08-20,113
3154,2018-08-21,102
3155,2018-08-22,103
3156,2018-08-23,114
3157,2018-08-24,94
3158,2018-08-25,85
3159,2018-08-26,97
3160,2018-08-27,96
3161,2018-08-28,103
3162,2018-08-29,125
3163,2018-08-30,118
3164,2018-08-31,101
3165,2018-09-01,96
3166,2018-09-02,92
3167,2018-09-03,86
3168,2018-09-04,88
3169,2018-09-05,103
3170,2018-09-06,101
3171,2018-09-07,104
3172,2018-09-08,93
3173,2018-09-09,76
3174,2018-09-10,88
3175,2018-09-11,100
3176,2018-09-12,99
3177,2018-09-13,131
3178,2018-09-14,97
3179,2018-09-15,76
3180,2018-09-16,81
3181,2018-09-17,93
3182,2018-09-18,87
3183,2018-09-19,109
3184,2018-09-20,106
3185,2018-09-21,85
3186,2018-09-22,85
3187,2018-09-23,81
3188,2018-09-24,80
3189,2018-09-25,111
3190,2018-09-26,119
3191,2018-09-27,120
3192,2018-09-28,88
3193,2018-09-29,78
3194,2018-09-30,102
3195,2018-10-01,78
3196,2018-10-02,98
3197,2018-10-03,97
3198,2018-10-04,103
3199,2018-10-05,110
3200,2018-10-06,93
3201,2018-10-07,92
3202,2018-10-08,107
3203,2018-10-09,94
3204,2018-10-10,109
3205,2018-10-11,110
3206,2018-10-12,76
3207,2018-10-13,68
3208,2018-10-14,80
3209,2018-10-15,58
3210,2018-10-16,88
3211,2018-10-17,106
3212,2018-10-18,93
3213,2018-10-19,96
3214,2018-10-20,77
3215,2018-10-21,78
3216,2018-10-22,90
3217,2018-10-23,87
3218,2018-10-24,104
3219,2018-10-25,87
3220,2018-10-26,88
3221,2018-10-27,96
3222,2018-10-28,88
3223,2018-10-29,94
3224,2018-10-30,87
3225,2018-10-31,84
3226,2018-11-01,91
3227,2018-11-02,82
3228,2018-11-03,99
3229,2018-11-04,80
3230,2018-11-05,88
3231,2018-11-06,72
3232,2018-11-07,101
3233,2018-11-08,107
3234,2018-11-09,84
3235,2018-11-10,75
3236,2018-11-11,79
3237,2018-11-12,67
3238,2018-11-13,85
3239,2018-11-14,111
3240,2018-11-15,95
3241,2018-11-16,81
3242,2018-11-17,75
3243,2018-11-18,82
3244,2018-11-19,99
3245,2018-11-20,72
3246,2018-11-21,65
3247,2018-11-22,72
3248,2018-11-23,85
3249,2018-11-24,90
3250,2018-11-25,93
3251,2018-11-26,95
3252,2018-11-27,111
3253,2018-11-28,109
3254,2018-11-29,95
3255,2018-11-30,89
3256,2018-12-01,86
3257,2018-12-02,79
3258,2018-12-03,67
3259,2018-12-04,95
3260,2018-12-05,82
3261,2018-12-06,77
3262,2018-12-07,74
3263,2018-12-08,94
3264,2018-12-09,78
3265,2018-12-10,93
3266,2018-12-11,96
3267,2018-12-12,105
3268,2018-12-13,124
3269,2018-12-14,85
3270,2018-12-15,72
3271,2018-12-16,72
3272,2018-12-17,78
3273,2018-12-18,91
3274,2018-12-19,110
3275,2018-12-20,99
3276,2018-12-21,122
3277,2018-12-22,91
3278,2018-12-23,77
3279,2018-12-24,51
3280,2018-12-25,81
3281,2018-12-26,81
3282,2018-12-27,90
3283,2018-12-28,85
3284,2018-12-29,67
3285,2018-12-30,86
3286,2018-12-31,83
3287,2019-01-01,95
3288,2019-01-02,73
3289,2019-01-03,83
3290,2019-01-04,104
3291,2019-01-05,82
3292,2019-01-06,72
3293,2019-01-07,83
3294,2019-01-08,105
3295,2019-01-09,97
3296,2019-01-10,129
3297,2019-01-11,119
3298,2019-01-12,68
3299,2019-01-13,98
3300,2019-01-14,66
3301,2019-01-15,70
3302,2019-01-16,82
3303,2019-01-17,80
3304,2019-01-18,77
3305,2019-01-19,98
3306,2019-01-20,62
3307,2019-01-21,87
3308,2019-01-22,83
3309,2019-01-23,95
3310,2019-01-24,113
3311,2019-01-25,86
3312,2019-01-26,98
3313,2019-01-27,93
3314,2019-01-28,110
3315,2019-01-29,97
3316,2019-01-30,113
3317,2019-01-31,91
3318,2019-02-01,97
3319,2019-02-02,80
3320,2019-02-03,81
3321,2019-02-04,84
3322,2019-02-05,98
3323,2019-02-06,98
3324,2019-02-07,110
3325,2019-02-08,92
3326,2019-02-09,79
3327,2019-02-10,73
3328,2019-02-11,93
3329,2019-02-12,90
3330,2019-02-13,76
3331,2019-02-14,82
3332,2019-02-15,72
3333,2019-02-16,93
3334,2019-02-17,66
3335,2019-02-18,85
3336,2019-02-19,99
3337,2019-02-20,108
3338,2019-02-21,112
3339,2019-02-22,86
3340,2019-02-23,83
3341,2019-02-24,84
3342,2019-02-25,94
3343,2019-02-26,88
3344,2019-02-27,104
3345,2019-02-28,116
3346,2019-03-01,90
3347,2019-03-02,75
3348,2019-03-03,100
3349,2019-03-04,85
3350,2019-03-05,90
3351,2019-03-06,84
3352,2019-03-07,113
3353,2019-03-08,110
3354,2019-03-09,102
3355,2019-03-10,70
3356,2019-03-11,86
3357,2019-03-12,103
3358,2019-03-13,98
3359,2019-03-14,105
3360,2019-03-15,86
3361,2019-03-16,90
3362,2019-03-17,94
3363,2019-03-18,123
3364,2019-03-19,76
3365,2019-03-20,93
3366,2019-03-21,124
3367,2019-03-22,99
3368,2019-03-23,72
3369,2019-03-24,72
3370,2019-03-25,73
3371,2019-03-26,111
3372,2019-03-27,115
3373,2019-03-28,111
3374,2019-03-29,106
3375,2019-03-30,99
3376,2019-03-31,78
3377,2019-04-01,72
3378,2019-04-02,96
3379,2019-04-03,127
3380,2019-04-04,94
3381,2019-04-05,94
3382,2019-04-06,98
3383,2019-04-07,99
3384,2019-04-08,86
3385,2019-04-09,94
3386,2019-04-10,113
3387,2019-04-11,98
3388,2019-04-12,96
3389,2019-04-13,89
3390,2019-04-14,78
3391,2019-04-15,71
3392,2019-04-16,103
3393,2019-04-17,113
3394,2019-04-18,116
3395,2019-04-19,114
3396,2019-04-20,77
3397,2019-04-21,60
3398,2019-04-22,76
3399,2019-04-23,98
3400,2019-04-24,100
3401,2019-04-25,116
3402,2019-04-26,98
3403,2019-04-27,92
3404,2019-04-28,82
3405,2019-04-29,97
3406,2019-04-30,121
3407,2019-05-01,122
3408,2019-05-02,119
3409,2019-05-03,113
3410,2019-05-04,73
3411,2019-05-05,84
3412,2019-05-06,69
3413,2019-05-07,77
3414,2019-05-08,123
3415,2019-05-09,113
3416,2019-05-10,109
3417,2019-05-11,94
3418,2019-05-12,104
3419,2019-05-13,103
3420,2019-05-14,129
3421,2019-05-15,132
3422,2019-05-16,118
3423,2019-05-17,93
3424,2019-05-18,103
3425,2019-05-19,74
3426,2019-05-20,86
3427,2019-05-21,107
3428,2019-05-22,100
3429,2019-05-23,122
3430,2019-05-24,81
3431,2019-05-25,92
3432,2019-05-26,98
3433,2019-05-27,101
3434,2019-05-28,90
3435,2019-05-29,95
3436,2019-05-30,103
3437,2019-05-31,89
3438,2019-06-01,111
3439,2019-06-02,90
3440,2019-06-03,86
3441,2019-06-04,101
3442,2019-06-05,106
3443,2019-06-06,97
3444,2019-06-07,107
3445,2019-06-08,88
3446,2019-06-09,93
3447,2019-06-10,99
3448,2019-06-11,104
3449,2019-06-12,115
3450,2019-06-13,122
3451,2019-06-14,108
3452,2019-06-15,102
3453,2019-06-16,72
3454,2019-06-17,113
3455,2019-06-18,89
3456,2019-06-19,102
3457,2019-06-20,62
3458,2019-06-21,20
3459,2019-06-22,6
